{
    "0": {
        "ID": [
            8,
            0,
            0
        ],
        "OfferTitle": "daily",
        "Cost": 130,
        "OldCost": 0,
        "Multiplier": [
            5,
            0,
            0
        ],
        "BrawlerID": [
            3,
            0,
            0
        ],
        "SkinID": [
            0,
            0,
            0
        ],
        "WhoBuyed": [
            103,
            57,
            25,
            189,
            97,
            173,
            233,
            39,
            232,
            223,
            237,
            47,
            243,
            219,
            260,
            231,
            266,
            35,
            159,
            44,
            211,
            239,
            208,
            121,
            286,
            288,
            291,
            125,
            297,
            139,
            247,
            312,
            310,
            320,
            94,
            141,
            324,
            353,
            283,
            358,
            89,
            356,
            366,
            378,
            401,
            152,
            419,
            422,
            403,
            399,
            51,
            427,
            441,
            423,
            438,
            88,
            345,
            450,
            451,
            455,
            457,
            459,
            462,
            465,
            467
        ],
        "Timer": 86400,
        "OfferBGR": "offer_gems",
        "ShopType": 1,
        "ShopDisplay": 1
    },
    "1": {
        "ID": [
            8,
            0,
            0
        ],
        "OfferTitle": "daily",
        "Cost": 67,
        "OldCost": 0,
        "Multiplier": [
            19,
            0,
            0
        ],
        "BrawlerID": [
            17,
            0,
            0
        ],
        "SkinID": [
            0,
            0,
            0
        ],
        "WhoBuyed": [
            25,
            232,
            266,
            324,
            358,
            345,
            403
        ],
        "Timer": 86400,
        "OfferBGR": "offer_gems",
        "ShopType": 1,
        "ShopDisplay": 1
    },
    "2": {
        "ID": [
            8,
            0,
            0
        ],
        "OfferTitle": "daily",
        "Cost": 196,
        "OldCost": 0,
        "Multiplier": [
            41,
            0,
            0
        ],
        "BrawlerID": [
            28,
            0,
            0
        ],
        "SkinID": [
            0,
            0,
            0
        ],
        "WhoBuyed": [
            25,
            232,
            266,
            327,
            345
        ],
        "Timer": 86400,
        "OfferBGR": "offer_gems",
        "ShopType": 1,
        "ShopDisplay": 1
    },
    "3": {
        "ID": [
            8,
            0,
            0
        ],
        "OfferTitle": "daily",
        "Cost": 28,
        "OldCost": 0,
        "Multiplier": [
            18,
            0,
            0
        ],
        "BrawlerID": [
            11,
            0,
            0
        ],
        "SkinID": [
            0,
            0,
            0
        ],
        "WhoBuyed": [
            25,
            140,
            173,
            232,
            135,
            266,
            139,
            310,
            292,
            159,
            346,
            324,
            89,
            285,
            358,
            395,
            403,
            345
        ],
        "Timer": 86400,
        "OfferBGR": "offer_gems",
        "ShopType": 1,
        "ShopDisplay": 1
    },
    "4": {
        "ID": [
            8,
            0,
            0
        ],
        "OfferTitle": "daily",
        "Cost": 50,
        "OldCost": 0,
        "Multiplier": [
            10,
            0,
            0
        ],
        "BrawlerID": [
            19,
            0,
            0
        ],
        "SkinID": [
            0,
            0,
            0
        ],
        "WhoBuyed": [
            25,
            232,
            266,
            358,
            345,
            455
        ],
        "Timer": 86400,
        "OfferBGR": "offer_gems",
        "ShopType": 1,
        "ShopDisplay": 1
    },
    "5": {
        "ID": [
            8,
            0,
            0
        ],
        "OfferTitle": "daily",
        "Cost": 39,
        "OldCost": 0,
        "Multiplier": [
            84,
            0,
            0
        ],
        "BrawlerID": [
            25,
            0,
            0
        ],
        "SkinID": [
            0,
            0,
            0
        ],
        "WhoBuyed": [
            25,
            232,
            266,
            345,
            455
        ],
        "Timer": 86400,
        "OfferBGR": "offer_gems",
        "ShopType": 1,
        "ShopDisplay": 1
    },
    "6": {
        "ID": [
            4,
            0,
            0
        ],
        "OfferTitle": "Дневной Скин",
        "Cost": 30,
        "OldCost": 69,
        "Multiplier": [
            0,
            0,
            0
        ],
        "BrawlerID": [
            0,
            0,
            0
        ],
        "SkinID": [
            159,
            0,
            0
        ],
        "WhoBuyed": [
            25,
            140,
            173,
            186,
            234,
            223,
            47,
            241,
            266,
            121,
            271,
            262,
            95,
            320,
            327,
            336,
            288,
            202,
            351,
            352,
            101,
            363,
            370,
            357,
            345,
            403,
            399,
            438,
            458,
            292,
            474
        ],
        "Timer": 86400,
        "OfferBGR": "offer_gems",
        "ShopType": 0,
        "ShopDisplay": 0
    },
    "7": {
        "ID": [
            4,
            0,
            0
        ],
        "OfferTitle": "Дневной Скин",
        "Cost": 69,
        "OldCost": 169,
        "Multiplier": [
            0,
            0,
            0
        ],
        "BrawlerID": [
            0,
            0,
            0
        ],
        "SkinID": [
            163,
            0,
            0
        ],
        "WhoBuyed": [
            25,
            186,
            266,
            271,
            320,
            327,
            332,
            336,
            351,
            352,
            363,
            370,
            345,
            292
        ],
        "Timer": 86400,
        "OfferBGR": "offer_gems",
        "ShopType": 0,
        "ShopDisplay": 0
    },
    "8": {
        "ID": [
            4,
            0,
            0
        ],
        "OfferTitle": "DAILY SKIN",
        "Cost": 116,
        "OldCost": 0,
        "Multiplier": [
            0,
            0,
            0
        ],
        "BrawlerID": [
            0,
            0,
            0
        ],
        "SkinID": [
            128,
            0,
            0
        ],
        "WhoBuyed": [
            25,
            140,
            203,
            173,
            186,
            262,
            266,
            271,
            327,
            330,
            332,
            336,
            351,
            352,
            363,
            370,
            345,
            403,
            426,
            455,
            292
        ],
        "Timer": 86400,
        "OfferBGR": "offer_gems",
        "ShopType": 0,
        "ShopDisplay": 0
    },
    "9": {
        "ID": [
            4,
            0,
            0
        ],
        "OfferTitle": "DAILY SKIN",
        "Cost": 110,
        "OldCost": 0,
        "Multiplier": [
            0,
            0,
            0
        ],
        "BrawlerID": [
            0,
            0,
            0
        ],
        "SkinID": [
            178,
            0,
            0
        ],
        "WhoBuyed": [
            140,
            25,
            173,
            262,
            266,
            271,
            327,
            332,
            336,
            351,
            352,
            363,
            370,
            345,
            403,
            292
        ],
        "Timer": 86400,
        "OfferBGR": "offer_gems",
        "ShopType": 0,
        "ShopDisplay": 0
    },
    "10": {
        "ID": [
            4,
            0,
            0
        ],
        "OfferTitle": "DAILY SKIN",
        "Cost": 173,
        "OldCost": 0,
        "Multiplier": [
            0,
            0,
            0
        ],
        "BrawlerID": [
            0,
            0,
            0
        ],
        "SkinID": [
            64,
            0,
            0
        ],
        "WhoBuyed": [
            25,
            266,
            271,
            327,
            336,
            351,
            352,
            363,
            370,
            345,
            426,
            292
        ],
        "Timer": 86400,
        "OfferBGR": "offer_gems",
        "ShopType": 0,
        "ShopDisplay": 0
    },
    "11": {
        "ID": [
            4,
            0,
            0
        ],
        "OfferTitle": "День 1",
        "Cost": 0,
        "OldCost": 0,
        "Multiplier": [
            1,
            0,
            0
        ],
        "BrawlerID": [
            0,
            0,
            0
        ],
        "SkinID": [
            52,
            0,
            0
        ],
        "WhoBuyed": [
            10,
            14,
            9,
            19,
            13,
            11,
            16,
            18,
            17,
            25,
            30,
            28,
            27,
            33,
            32,
            34,
            31,
            35,
            36,
            38,
            37,
            39,
            40,
            41,
            42,
            43,
            44,
            45,
            46,
            47,
            48,
            49,
            50,
            51,
            52,
            53,
            54,
            55,
            56,
            57,
            58,
            59,
            60,
            61,
            62,
            63,
            64,
            65,
            72,
            84,
            85,
            86,
            87,
            88,
            89,
            90,
            91,
            92,
            93,
            94,
            95,
            96,
            97,
            99,
            98,
            100,
            102,
            101,
            103,
            104,
            105,
            106,
            107,
            108,
            109,
            111,
            110,
            112,
            113,
            115,
            114,
            116,
            117,
            118,
            119,
            120,
            121,
            122,
            123,
            124,
            125,
            126,
            129,
            128,
            131,
            132,
            133,
            130,
            134,
            135,
            136,
            137,
            138,
            139,
            140,
            141,
            142,
            144,
            145,
            146,
            147,
            149,
            150,
            148,
            151,
            152,
            153,
            154,
            155,
            157,
            156,
            143,
            158,
            159,
            161,
            165,
            166,
            169,
            170,
            172,
            171,
            173,
            174,
            175,
            176,
            177,
            178,
            179,
            181,
            182,
            183,
            184,
            185,
            186,
            187,
            188,
            189,
            191,
            192,
            193,
            194,
            195,
            196,
            197,
            198,
            199,
            200,
            190,
            201,
            202,
            203,
            204,
            206,
            207,
            208,
            209,
            210,
            211,
            212,
            213,
            214,
            215,
            217,
            219,
            220,
            221,
            222,
            223,
            224,
            225,
            226,
            227,
            228,
            229,
            230,
            231,
            232,
            233,
            234,
            235,
            236,
            237,
            239,
            240,
            241,
            243,
            244,
            245,
            247,
            252,
            258,
            246,
            259,
            260,
            261,
            262,
            263,
            264,
            265,
            266,
            267,
            268,
            270,
            271,
            272,
            273,
            274,
            276,
            277,
            278,
            279,
            280,
            281,
            282,
            283,
            284,
            285,
            287,
            286,
            288,
            289,
            290,
            291,
            292,
            293,
            294,
            295,
            296,
            297,
            299,
            300,
            301,
            303,
            304,
            238,
            305,
            306,
            307,
            308,
            309,
            310,
            312,
            314,
            315,
            311,
            316,
            317,
            318,
            319,
            320,
            324,
            325,
            326,
            327,
            330,
            328,
            331,
            332,
            329,
            333,
            334,
            335,
            336,
            337,
            338,
            339,
            340,
            341,
            342,
            343,
            344,
            345,
            346,
            347,
            348,
            349,
            351,
            352,
            353,
            354,
            355,
            356,
            357,
            358,
            359,
            361,
            363,
            364,
            366,
            367,
            368,
            369,
            365,
            370,
            371,
            321,
            372,
            373,
            374,
            375,
            376,
            377,
            378,
            380,
            381,
            382,
            383,
            384,
            385,
            386,
            387,
            388,
            389,
            390,
            391,
            392,
            394,
            395,
            396,
            397,
            398,
            399,
            400,
            402,
            401,
            403,
            406,
            407,
            408,
            413,
            414,
            415,
            416,
            417,
            418,
            419,
            420,
            421,
            422,
            423,
            424,
            425,
            426,
            427,
            428,
            429,
            430,
            431,
            432,
            434,
            435,
            436,
            437,
            438,
            439,
            440,
            441,
            442,
            443,
            444,
            445,
            446,
            447,
            450,
            451,
            452,
            453,
            454,
            455,
            456,
            457,
            458,
            459,
            460,
            461,
            462,
            463,
            465,
            466,
            467,
            468,
            469,
            470,
            471,
            472,
            473
        ],
        "Timer": 86400,
        "OfferBGR": "offer_legendary",
        "ShopType": 0,
        "ShopDisplay": 0
    },
    "12": {
        "ID": [
            16,
            0,
            0
        ],
        "OfferTitle": "День 1",
        "Cost": 0,
        "OldCost": 0,
        "Multiplier": [
            10,
            0,
            0
        ],
        "BrawlerID": [
            0,
            0,
            0
        ],
        "SkinID": [
            0,
            0,
            0
        ],
        "WhoBuyed": [
            10,
            14,
            9,
            13,
            19,
            11,
            16,
            18,
            17,
            1,
            21,
            24,
            25,
            22,
            26,
            31,
            28,
            15,
            27,
            12,
            30,
            33,
            32,
            34,
            35,
            36,
            38,
            37,
            39,
            40,
            41,
            42,
            43,
            44,
            45,
            46,
            48,
            47,
            49,
            50,
            51,
            52,
            53,
            54,
            55,
            56,
            57,
            58,
            59,
            60,
            61,
            62,
            63,
            64,
            65,
            72,
            84,
            85,
            86,
            87,
            88,
            89,
            90,
            91,
            92,
            93,
            94,
            95,
            96,
            97,
            99,
            98,
            100,
            102,
            101,
            103,
            104,
            105,
            106,
            107,
            108,
            109,
            111,
            110,
            112,
            113,
            115,
            114,
            116,
            117,
            118,
            119,
            121,
            122,
            123,
            124,
            125,
            126,
            129,
            128,
            131,
            132,
            133,
            130,
            134,
            135,
            136,
            137,
            138,
            139,
            140,
            141,
            142,
            144,
            145,
            146,
            147,
            148,
            149,
            150,
            151,
            152,
            153,
            154,
            155,
            156,
            157,
            143,
            158,
            159,
            161,
            165,
            166,
            169,
            170,
            172,
            171,
            173,
            174,
            175,
            176,
            177,
            178,
            179,
            180,
            181,
            182,
            183,
            184,
            185,
            186,
            187,
            188,
            189,
            191,
            192,
            193,
            194,
            195,
            196,
            197,
            198,
            199,
            200,
            190,
            201,
            202,
            203,
            204,
            206,
            207,
            208,
            209,
            210,
            211,
            212,
            213,
            214,
            215,
            217,
            219,
            220,
            221,
            222,
            223,
            224,
            225,
            226,
            227,
            229,
            230,
            231,
            232,
            233,
            234,
            235,
            236,
            237,
            238,
            239,
            240,
            243,
            247,
            246,
            252,
            258,
            259,
            260,
            261,
            262,
            263,
            264,
            265,
            266,
            267,
            268,
            270,
            271,
            272,
            273,
            274,
            276,
            277,
            278,
            279,
            281,
            282,
            283,
            284,
            285,
            287,
            286,
            288,
            289,
            290,
            291,
            292,
            293,
            294,
            295,
            296,
            297,
            299,
            300,
            301,
            303,
            304,
            305,
            306,
            307,
            308,
            309,
            310,
            312,
            313,
            314,
            315,
            311,
            316,
            317,
            319,
            320,
            324,
            323,
            325,
            326,
            327,
            330,
            328,
            331,
            332,
            333,
            334,
            336,
            337,
            339,
            338,
            340,
            341,
            342,
            343,
            344,
            345,
            346,
            347,
            348,
            349,
            351,
            352,
            353,
            354,
            355,
            356,
            357,
            359,
            361,
            363,
            364,
            358,
            366,
            367,
            368,
            369,
            365,
            371,
            321,
            372,
            370,
            373,
            374,
            375,
            376,
            377,
            378,
            380,
            381,
            382,
            383,
            384,
            385,
            386,
            387,
            388,
            389,
            390,
            391,
            392,
            394,
            395,
            396,
            397,
            398,
            399,
            400,
            401,
            402,
            403,
            407,
            408,
            413,
            414,
            406,
            415,
            417,
            416,
            418,
            419,
            420,
            421,
            422,
            423,
            424,
            425,
            426,
            427,
            428,
            429,
            430,
            431,
            432,
            434,
            436,
            435,
            437,
            438,
            439,
            440,
            441,
            442,
            443,
            444,
            445,
            446,
            447,
            450,
            451,
            452,
            453,
            454,
            455,
            456,
            457,
            458,
            459,
            460,
            461,
            462,
            463,
            465,
            466,
            467,
            468,
            469,
            470,
            471,
            472,
            473,
            474
        ],
        "Timer": 86400,
        "OfferBGR": "offer_legendary",
        "ShopType": 0,
        "ShopDisplay": 0
    },
    "13": {
        "ID": [
            10,
            0,
            0
        ],
        "OfferTitle": "День 2",
        "Cost": 0,
        "OldCost": 0,
        "Multiplier": [
            1,
            0,
            0
        ],
        "BrawlerID": [
            0,
            0,
            0
        ],
        "SkinID": [
            0,
            0,
            0
        ],
        "WhoBuyed": [
            58,
            146,
            92,
            62,
            115,
            25,
            114,
            32,
            40,
            91,
            155,
            137,
            157,
            141,
            159,
            90,
            35,
            105,
            161,
            140,
            88,
            103,
            65,
            33,
            27,
            165,
            28,
            45,
            166,
            94,
            149,
            39,
            106,
            113,
            41,
            24,
            100,
            52,
            117,
            101,
            169,
            111,
            171,
            172,
            97,
            13,
            55,
            170,
            89,
            173,
            174,
            175,
            176,
            43,
            177,
            178,
            179,
            181,
            180,
            182,
            183,
            184,
            147,
            185,
            186,
            57,
            135,
            187,
            44,
            11,
            142,
            189,
            46,
            152,
            154,
            60,
            191,
            192,
            193,
            195,
            196,
            197,
            138,
            139,
            136,
            199,
            37,
            200,
            190,
            201,
            198,
            202,
            203,
            145,
            47,
            204,
            206,
            207,
            208,
            209,
            210,
            50,
            211,
            212,
            72,
            158,
            213,
            214,
            121,
            215,
            95,
            217,
            219,
            220,
            125,
            221,
            222,
            223,
            224,
            225,
            226,
            227,
            229,
            230,
            51,
            231,
            61,
            232,
            233,
            234,
            235,
            236,
            87,
            237,
            239,
            240,
            242,
            243,
            244,
            110,
            247,
            249,
            250,
            251,
            252,
            253,
            254,
            255,
            256,
            257,
            258,
            246,
            259,
            260,
            261,
            262,
            263,
            264,
            188,
            265,
            266,
            63,
            267,
            268,
            270,
            271,
            272,
            273,
            274,
            276,
            277,
            278,
            279,
            281,
            282,
            283,
            284,
            54,
            285,
            116,
            287,
            286,
            288,
            289,
            290,
            291,
            292,
            293,
            126,
            294,
            295,
            296,
            297,
            298,
            93,
            299,
            34,
            300,
            301,
            303,
            304,
            238,
            305,
            306,
            307,
            308,
            309,
            310,
            312,
            313,
            314,
            315,
            311,
            316,
            317,
            319,
            26,
            320,
            322,
            324,
            325,
            326,
            327,
            330,
            328,
            331,
            332,
            333,
            334,
            336,
            337,
            338,
            339,
            340,
            341,
            342,
            343,
            344,
            345,
            346,
            347,
            348,
            349,
            351,
            352,
            353,
            354,
            355,
            356,
            357,
            358,
            359,
            361,
            363,
            364,
            365,
            366,
            367,
            368,
            369,
            371,
            321,
            372,
            373,
            374,
            375,
            376,
            378,
            380,
            381,
            382,
            383,
            384,
            385,
            386,
            387,
            388,
            389,
            390,
            391,
            392,
            394,
            395,
            396,
            397,
            398,
            399,
            400,
            402,
            401,
            403,
            406,
            407,
            408,
            413,
            414,
            415,
            416,
            417,
            418,
            419,
            420,
            421,
            422,
            423,
            424,
            425,
            426,
            427,
            428,
            429,
            430,
            431,
            432,
            434,
            435,
            436,
            437,
            438,
            439,
            440,
            441,
            442,
            443,
            444,
            59,
            445,
            446,
            447,
            450,
            451,
            452,
            454,
            453,
            455,
            456,
            457,
            458,
            459,
            460,
            461,
            462,
            463,
            464,
            465,
            466,
            467,
            468,
            469,
            470,
            471,
            472,
            473,
            474
        ],
        "Timer": 86400,
        "OfferBGR": "offer_boxes",
        "ShopType": 0,
        "ShopDisplay": 0
    },
    "14": {
        "ID": [
            10,
            0,
            0
        ],
        "OfferTitle": "День 2",
        "Cost": 0,
        "OldCost": 0,
        "Multiplier": [
            1,
            0,
            0
        ],
        "BrawlerID": [
            0,
            0,
            0
        ],
        "SkinID": [
            0,
            0,
            0
        ],
        "WhoBuyed": [
            58,
            62,
            92,
            146,
            115,
            25,
            114,
            32,
            40,
            91,
            137,
            157,
            155,
            141,
            159,
            160,
            90,
            35,
            161,
            105,
            140,
            88,
            103,
            65,
            33,
            27,
            165,
            28,
            166,
            45,
            94,
            149,
            39,
            106,
            113,
            41,
            24,
            100,
            117,
            101,
            169,
            170,
            111,
            171,
            172,
            97,
            13,
            55,
            89,
            173,
            174,
            175,
            176,
            43,
            178,
            179,
            181,
            180,
            182,
            183,
            184,
            147,
            185,
            186,
            57,
            135,
            187,
            44,
            11,
            142,
            189,
            46,
            152,
            154,
            60,
            190,
            191,
            192,
            193,
            195,
            196,
            197,
            198,
            138,
            139,
            199,
            37,
            200,
            201,
            202,
            47,
            203,
            145,
            204,
            206,
            207,
            208,
            209,
            210,
            50,
            211,
            212,
            136,
            72,
            158,
            213,
            214,
            121,
            215,
            95,
            217,
            219,
            220,
            125,
            221,
            222,
            223,
            224,
            226,
            225,
            227,
            229,
            230,
            51,
            231,
            61,
            232,
            233,
            234,
            235,
            236,
            237,
            177,
            238,
            239,
            240,
            242,
            243,
            244,
            245,
            110,
            247,
            249,
            250,
            251,
            253,
            252,
            254,
            255,
            246,
            256,
            257,
            258,
            259,
            260,
            261,
            262,
            263,
            266,
            63,
            267,
            268,
            270,
            271,
            272,
            273,
            274,
            276,
            277,
            278,
            279,
            280,
            282,
            281,
            283,
            284,
            54,
            285,
            116,
            287,
            286,
            288,
            289,
            290,
            291,
            293,
            292,
            126,
            294,
            295,
            296,
            298,
            93,
            299,
            297,
            34,
            300,
            301,
            87,
            303,
            304,
            305,
            306,
            307,
            308,
            309,
            310,
            312,
            313,
            314,
            315,
            311,
            316,
            317,
            318,
            319,
            26,
            320,
            322,
            324,
            325,
            326,
            327,
            330,
            52,
            328,
            331,
            332,
            333,
            334,
            336,
            337,
            338,
            339,
            340,
            341,
            342,
            343,
            344,
            345,
            346,
            347,
            348,
            349,
            351,
            352,
            353,
            354,
            355,
            356,
            357,
            358,
            359,
            360,
            361,
            362,
            363,
            364,
            366,
            367,
            368,
            369,
            365,
            371,
            321,
            372,
            373,
            374,
            375,
            376,
            378,
            377,
            379,
            380,
            381,
            382,
            383,
            384,
            385,
            386,
            387,
            388,
            389,
            390,
            391,
            392,
            395,
            396,
            397,
            398,
            399,
            400,
            401,
            402,
            403,
            406,
            407,
            408,
            413,
            414,
            415,
            417,
            416,
            418,
            419,
            420,
            422,
            421,
            423,
            424,
            425,
            426,
            394,
            427,
            428,
            429,
            430,
            431,
            432,
            433,
            434,
            435,
            436,
            437,
            438,
            439,
            440,
            441,
            442,
            443,
            444,
            59,
            445,
            446,
            447,
            450,
            451,
            452,
            454,
            453,
            455,
            456,
            457,
            458,
            459,
            460,
            461,
            462,
            463,
            465,
            466,
            467,
            468,
            469,
            470,
            471,
            472,
            473,
            474
        ],
        "Timer": 86400,
        "OfferBGR": "offer_boxes",
        "ShopType": 0,
        "ShopDisplay": 0
    }
}